{
  "final_train_loss": 0.04418955743312836,
  "final_dev_loss": 0.046034663915634155,
  "epochs": 60,
  "nsteps": 50,
  "hsizes": [
    32,
    32
  ],
  "activation": "GELU",
  "c1": 0.07999999821186066,
  "c2": 0.03999999910593033,
  "ts": 1.0,
  "umin": [
    0.0,
    0.0
  ],
  "umax": [
    0.5,
    0.5
  ],
  "onnx_parity_max_abs": 2.682209014892578e-07,
  "train_wall_s": 35.149382292001974,
  "seed": 0
}