{
  "hardware": {
    "platform": "Linux-6.17.0-1018-azure-x86_64-with-glibc2.39",
    "machine": "x86_64",
    "processor": "x86_64",
    "python_version": "3.11.15",
    "jax_version": "0.9.2",
    "jaxonomy_version": "3.0.0",
    "jax_default_backend": "cpu"
  },
  "regression_threshold": 1.5,
  "cases": {
    "scalar_exponential_decay": {
      "compile_time_median_s": 0.08473721000001433,
      "sim_time_median_s": 2.2741999998743267e-05,
      "compile_times_s": [
        0.08957140799999763,
        0.08473721000001433,
        0.08459772800000565
      ],
      "n_repeat": 3
    },
    "harmonic_oscillator": {
      "compile_time_median_s": 0.08534314999999992,
      "sim_time_median_s": 2.35440000011522e-05,
      "compile_times_s": [
        0.08485802999999237,
        0.08580673000000161,
        0.08534314999999992
      ],
      "n_repeat": 3
    },
    "pid_first_order_plant": {
      "skipped": true,
      "reason": "ImportError: Could not import module control"
    },
    "rc_acausal_dae": {
      "compile_time_median_s": 0.21428191600000446,
      "sim_time_median_s": 2.8603999993492835e-05,
      "compile_times_s": [
        0.22085628800000734,
        0.21428191600000446,
        0.21103150000001847
      ],
      "n_repeat": 3
    },
    "bouncing_ball_zc": {
      "compile_time_median_s": 0.13343109800000263,
      "sim_time_median_s": 2.216200000759727e-05,
      "compile_times_s": [
        0.13343109800000263,
        0.13261395899999684,
        0.13576810400000738
      ],
      "n_repeat": 3
    },
    "state_machine_three_state": {
      "compile_time_median_s": 0.05840510900000595,
      "sim_time_median_s": 2.818299999773899e-05,
      "compile_times_s": [
        0.05840510900000595,
        0.05841028900000822,
        0.05758302200000287
      ],
      "n_repeat": 3
    },
    "simulate_batch_decay_n10": {
      "compile_time_median_s": 0.14020877800000164,
      "sim_time_median_s": 0.44171778100000836,
      "compile_times_s": [
        0.13922382299998048,
        0.14020877800000164,
        0.14171778200000062
      ],
      "n_repeat": 3
    },
    "simulate_batch_decay_n100": {
      "compile_time_median_s": 0.17013406799999586,
      "sim_time_median_s": 0.4844854650000059,
      "compile_times_s": [
        0.22073242300000118,
        0.13389480800000797,
        0.17013406799999586
      ],
      "n_repeat": 3
    },
    "simulate_batch_decay_n1000": {
      "compile_time_median_s": 0.16000158900000372,
      "sim_time_median_s": 0.9078929869999968,
      "compile_times_s": [
        0.012768166000000747,
        0.16000158900000372,
        0.16992434900001285
      ],
      "n_repeat": 3
    }
  }
}